snomed_categorization_id,snomed_categorization_name,concept_class_id,concept_code,concept_id,concept_name,domain_id,invalid_reason,standard_concept,valid_end_date,valid_end_date_string,valid_start_date,valid_start_date_string,vocabulary_id,provided_date,provided_by,org,data_lot,raw_table
193136,Acute gonococcal cervicitis,5-dig billing code,098.15,44821703,Gonococcal cervicitis (acute),Condition,null,null,2099-12-31,20991231,1970-01-01,19700101,ICD9CM,2021-09-20,John Gresh,omop,2021-09-21,omop_concepts_omop_concept_concept_tab
193140,Acute gonococcal cystitis,5-dig billing code,098.11,44832105,Gonococcal cystitis (acute),Condition,null,null,2099-12-31,20991231,1970-01-01,19700101,ICD9CM,2021-09-20,John Gresh,omop,2021-09-21,omop_concepts_omop_concept_concept_tab
200040,Acute gonococcal endometritis,5-dig billing code,098.16,44830953,Gonococcal endometritis (acute),Condition,null,null,2099-12-31,20991231,1970-01-01,19700101,ICD9CM,2021-09-20,John Gresh,omop,2021-09-21,omop_concepts_omop_concept_concept_tab
443911,Acute gonococcal epididymo-orchitis,5-dig billing code,098.13,44833256,Gonococcal epididymo-orchitis (acute),Condition,null,null,2099-12-31,20991231,1970-01-01,19700101,ICD9CM,2021-09-20,John Gresh,omop,2021-09-21,omop_concepts_omop_concept_concept_tab
194571,Acute gonococcal prostatitis,5-dig billing code,098.12,44821702,Gonococcal prostatitis (acute),Condition,null,null,2099-12-31,20991231,1970-01-01,19700101,ICD9CM,2021-09-20,John Gresh,omop,2021-09-21,omop_concepts_omop_concept_concept_tab
200334,Acute gonococcal salpingitis,5-dig billing code,098.17,44828708,"Gonococcal salpingitis, specified as acute",Condition,null,null,2099-12-31,20991231,1970-01-01,19700101,ICD9CM,2021-09-20,John Gresh,omop,2021-09-21,omop_concepts_omop_concept_concept_tab
198972,Acute gonococcal seminal vesiculitis,5-dig billing code,098.14,44823994,Gonococcal seminal vesiculitis (acute),Condition,null,null,2099-12-31,20991231,1970-01-01,19700101,ICD9CM,2021-09-20,John Gresh,omop,2021-09-21,omop_concepts_omop_concept_concept_tab
198978,Acute gonorrhea of lower genitourinary tract,4-dig billing code,098.0,44830952,Gonococcal infection (acute) of lower genitourinary tract,Condition,null,null,2099-12-31,20991231,1970-01-01,19700101,ICD9CM,2021-09-20,John Gresh,omop,2021-09-21,omop_concepts_omop_concept_concept_tab
133965,Acute gonorrhea of upper genitourinary tract,5-dig billing code,098.10,44820577,"Gonococcal infection (acute) of upper genitourinary tract, site unspecified",Condition,null,null,2099-12-31,20991231,1970-01-01,19700101,ICD9CM,2021-09-20,John Gresh,omop,2021-09-21,omop_concepts_omop_concept_concept_tab
133965,Acute gonorrhea of upper genitourinary tract,5-dig billing code,098.19,44822849,Other gonococcal infection (acute) of upper genitourinary tract,Condition,null,null,2099-12-31,20991231,1970-01-01,19700101,ICD9CM,2021-09-20,John Gresh,omop,2021-09-21,omop_concepts_omop_concept_concept_tab
133965,Acute gonorrhea of upper genitourinary tract,4-dig nonbill code,098.1,44833255,Gonococcal infection (acute) of upper genitourinary tract,Condition,null,null,2099-12-31,20991231,1970-01-01,19700101,ICD9CM,2021-09-20,John Gresh,omop,2021-09-21,omop_concepts_omop_concept_concept_tab
439670,Acute secondary syphilitic meningitis,5-dig billing code,091.81,44821699,Acute syphilitic meningitis (secondary),Condition,null,null,2099-12-31,20991231,1970-01-01,19700101,ICD9CM,2021-09-20,John Gresh,omop,2021-09-21,omop_concepts_omop_concept_concept_tab
376335,Asymptomatic neurosyphilis,4-dig billing code,094.3,44820576,Asymptomatic neurosyphilis,Condition,null,null,2099-12-31,20991231,1970-01-01,19700101,ICD9CM,2021-09-20,John Gresh,omop,2021-09-21,omop_concepts_omop_concept_concept_tab
137212,Cardiovascular syphilis,4-dig billing code,093.9,44819388,"Cardiovascular syphilis, unspecified",Condition,null,null,2099-12-31,20991231,1970-01-01,19700101,ICD9CM,2021-09-20,John Gresh,omop,2021-09-21,omop_concepts_omop_concept_concept_tab
137212,Cardiovascular syphilis,3-dig nonbill code,093,44827514,Cardiovascular syphilis,Condition,null,null,2099-12-31,20991231,1970-01-01,19700101,ICD9CM,2021-09-20,John Gresh,omop,2021-09-21,omop_concepts_omop_concept_concept_tab
137212,Cardiovascular syphilis,4-dig nonbill code,093.8,44825167,Other specified cardiovascular syphilis,Condition,null,null,2099-12-31,20991231,1970-01-01,19700101,ICD9CM,2021-09-20,John Gresh,omop,2021-09-21,omop_concepts_omop_concept_concept_tab
137212,Cardiovascular syphilis,5-dig billing code,093.89,44819387,Other specified cardiovascular syphilis,Condition,null,null,2099-12-31,20991231,1970-01-01,19700101,ICD9CM,2021-09-20,John Gresh,omop,2021-09-21,omop_concepts_omop_concept_concept_tab
138973,Chancroid,4-dig billing code,099.0,44830957,Chancroid,Condition,null,null,2099-12-31,20991231,1970-01-01,19700101,ICD9CM,2021-09-20,John Gresh,omop,2021-09-21,omop_concepts_omop_concept_concept_tab
194863,Chronic gonococcal cervicitis,5-dig billing code,098.35,44826363,"Gonococcal cervicitis, chronic",Condition,null,null,2099-12-31,20991231,1970-01-01,19700101,ICD9CM,2021-09-20,John Gresh,omop,2021-09-21,omop_concepts_omop_concept_concept_tab
196338,Chronic gonococcal cystitis,5-dig billing code,098.31,44828709,"Gonococcal cystitis, chronic",Condition,null,null,2099-12-31,20991231,1970-01-01,19700101,ICD9CM,2021-09-20,John Gresh,omop,2021-09-21,omop_concepts_omop_concept_concept_tab
193699,Chronic gonococcal endometritis,5-dig billing code,098.36,44821706,"Gonococcal endometritis, chronic",Condition,null,null,2099-12-31,20991231,1970-01-01,19700101,ICD9CM,2021-09-20,John Gresh,omop,2021-09-21,omop_concepts_omop_concept_concept_tab
76629,Chronic gonococcal epididymo-orchitis,5-dig billing code,098.33,44827518,"Gonococcal epididymo-orchitis, chronic",Condition,null,null,2099-12-31,20991231,1970-01-01,19700101,ICD9CM,2021-09-20,John Gresh,omop,2021-09-21,omop_concepts_omop_concept_concept_tab
201503,Chronic gonococcal prostatitis,5-dig billing code,098.32,44821705,"Gonococcal prostatitis, chronic",Condition,null,null,2099-12-31,20991231,1970-01-01,19700101,ICD9CM,2021-09-20,John Gresh,omop,2021-09-21,omop_concepts_omop_concept_concept_tab
193700,Chronic gonococcal salpingitis,5-dig billing code,098.37,44821707,Gonococcal salpingitis (chronic),Condition,null,null,2099-12-31,20991231,1970-01-01,19700101,ICD9CM,2021-09-20,John Gresh,omop,2021-09-21,omop_concepts_omop_concept_concept_tab
443781,Chronic gonococcal seminal vesiculitis,5-dig billing code,098.34,44825169,"Gonococcal seminal vesiculitis, chronic",Condition,null,null,2099-12-31,20991231,1970-01-01,19700101,ICD9CM,2021-09-20,John Gresh,omop,2021-09-21,omop_concepts_omop_concept_concept_tab
193132,Chronic gonorrhea lower genitourinary tract,4-dig billing code,098.2,44833257,"Gonococcal infection, chronic, of lower genitourinary tract",Condition,null,null,2099-12-31,20991231,1970-01-01,19700101,ICD9CM,2021-09-20,John Gresh,omop,2021-09-21,omop_concepts_omop_concept_concept_tab
201785,Chronic gonorrhea of upper genitourinary tract,4-dig nonbill code,098.3,44821704,"Gonococcal infection, chronic, of upper genitourinary tract",Condition,null,null,2099-12-31,20991231,1970-01-01,19700101,ICD9CM,2021-09-20,John Gresh,omop,2021-09-21,omop_concepts_omop_concept_concept_tab
201785,Chronic gonorrhea of upper genitourinary tract,5-dig billing code,098.30,44823995,"Chronic gonococcal infection of upper genitourinary tract, site unspecified",Condition,null,null,2099-12-31,20991231,1970-01-01,19700101,ICD9CM,2021-09-20,John Gresh,omop,2021-09-21,omop_concepts_omop_concept_concept_tab
201785,Chronic gonorrhea of upper genitourinary tract,5-dig billing code,098.39,44834453,Other chronic gonococcal infection of upper genitourinary tract,Condition,null,null,2099-12-31,20991231,1970-01-01,19700101,ICD9CM,2021-09-20,John Gresh,omop,2021-09-21,omop_concepts_omop_concept_concept_tab
434279,Congenital syphilis,3-dig nonbill code,090,44835635,Congenital syphilis,Condition,null,null,2099-12-31,20991231,1970-01-01,19700101,ICD9CM,2021-09-20,John Gresh,omop,2021-09-21,omop_concepts_omop_concept_concept_tab
434279,Congenital syphilis,4-dig billing code,090.9,44830950,"Congenital syphilis, unspecified",Condition,null,null,2099-12-31,20991231,1970-01-01,19700101,ICD9CM,2021-09-20,John Gresh,omop,2021-09-21,omop_concepts_omop_concept_concept_tab
381794,Congenital syphilitic encephalitis,5-dig billing code,090.41,44829767,Congenital syphilitic encephalitis,Condition,null,null,2099-12-31,20991231,1970-01-01,19700101,ICD9CM,2021-09-20,John Gresh,omop,2021-09-21,omop_concepts_omop_concept_concept_tab
442630,Congenital syphilitic meningitis,5-dig billing code,090.42,44835636,Congenital syphilitic meningitis,Condition,null,null,2099-12-31,20991231,1970-01-01,19700101,ICD9CM,2021-09-20,John Gresh,omop,2021-09-21,omop_concepts_omop_concept_concept_tab
436632,Early congenital syphilis (less than 2 years),4-dig billing code,090.2,44834447,"Early congenital syphilis, unspecified",Condition,null,null,2099-12-31,20991231,1970-01-01,19700101,ICD9CM,2021-09-20,John Gresh,omop,2021-09-21,omop_concepts_omop_concept_concept_tab
4089980,Early congenital syphilis - latent,4-dig billing code,090.1,44832098,"Early congenital syphilis, latent",Condition,null,null,2099-12-31,20991231,1970-01-01,19700101,ICD9CM,2021-09-20,John Gresh,omop,2021-09-21,omop_concepts_omop_concept_concept_tab
4089980,Early congenital syphilis - latent,ICD9CM code,92,44827111,"Early syphilis, latent",Condition,D,null,2014-09-30,20140930,2014-07-01,20140701,ICD9CM,2021-09-20,John Gresh,omop,2021-09-21,omop_concepts_omop_concept_concept_tab
434570,Early congenital syphilis with symptoms,4-dig billing code,090.0,44836799,"Early congenital syphilis, symptomatic",Condition,null,null,2099-12-31,20991231,1970-01-01,19700101,ICD9CM,2021-09-20,John Gresh,omop,2021-09-21,omop_concepts_omop_concept_concept_tab
4089985,Early symptomatic syphilis,3-dig nonbill code,091,44833252,"Early syphilis, symptomatic",Condition,null,null,2099-12-31,20991231,1970-01-01,19700101,ICD9CM,2021-09-20,John Gresh,omop,2021-09-21,omop_concepts_omop_concept_concept_tab
377788,General paresis - neurosyphilis,4-dig billing code,094.1,44820575,General paresis,Condition,null,null,2099-12-31,20991231,1970-01-01,19700101,ICD9CM,2021-09-20,John Gresh,omop,2021-09-21,omop_concepts_omop_concept_concept_tab
74855,Genital herpes simplex,5-dig billing code,054.10,44835616,"Genital herpes, unspecified",Condition,null,null,2099-12-31,20991231,1970-01-01,19700101,ICD9CM,2021-09-20,John Gresh,omop,2021-09-21,omop_concepts_omop_concept_concept_tab
74855,Genital herpes simplex,4-dig nonbill code,054.1,44820553,Genital herpes,Condition,null,null,2099-12-31,20991231,1970-01-01,19700101,ICD9CM,2021-09-20,John Gresh,omop,2021-09-21,omop_concepts_omop_concept_concept_tab
74855,Genital herpes simplex,5-dig billing code,054.19,44820555,Other genital herpes,Condition,null,null,2099-12-31,20991231,1970-01-01,19700101,ICD9CM,2021-09-20,John Gresh,omop,2021-09-21,omop_concepts_omop_concept_concept_tab
135466,Gonococcal bursitis,5-dig billing code,098.52,44822850,Gonococcal bursitis,Condition,null,null,2099-12-31,20991231,1970-01-01,19700101,ICD9CM,2021-09-20,John Gresh,omop,2021-09-21,omop_concepts_omop_concept_concept_tab
372842,Gonococcal conjunctivitis neonatorum,5-dig billing code,098.40,44826364,Gonococcal conjunctivitis (neonatorum),Condition,null,null,2099-12-31,20991231,1970-01-01,19700101,ICD9CM,2021-09-20,John Gresh,omop,2021-09-21,omop_concepts_omop_concept_concept_tab
442586,Gonococcal endocarditis,5-dig billing code,098.84,44823997,Gonococcal endocarditis,Condition,null,null,2099-12-31,20991231,1970-01-01,19700101,ICD9CM,2021-09-20,John Gresh,omop,2021-09-21,omop_concepts_omop_concept_concept_tab
444227,Gonococcal endophthalmia,5-dig billing code,098.42,44827519,Gonococcal endophthalmia,Condition,null,null,2099-12-31,20991231,1970-01-01,19700101,ICD9CM,2021-09-20,John Gresh,omop,2021-09-21,omop_concepts_omop_concept_concept_tab
321505,Gonococcal heart disease,5-dig billing code,098.85,44826366,Other gonococcal heart disease,Condition,null,null,2099-12-31,20991231,1970-01-01,19700101,ICD9CM,2021-09-20,John Gresh,omop,2021-09-21,omop_concepts_omop_concept_concept_tab
374283,Gonococcal infection of eye,4-dig nonbill code,098.4,44819390,Gonococcal infection of eye,Condition,null,null,2099-12-31,20991231,1970-01-01,19700101,ICD9CM,2021-09-20,John Gresh,omop,2021-09-21,omop_concepts_omop_concept_concept_tab
374283,Gonococcal infection of eye,5-dig billing code,098.49,44836807,Other gonococcal infection of eye,Condition,null,null,2099-12-31,20991231,1970-01-01,19700101,ICD9CM,2021-09-20,John Gresh,omop,2021-09-21,omop_concepts_omop_concept_concept_tab
74864,Gonococcal infection of joint,5-dig billing code,098.59,44820578,Other gonococcal infection of joint,Condition,null,null,2099-12-31,20991231,1970-01-01,19700101,ICD9CM,2021-09-20,John Gresh,omop,2021-09-21,omop_concepts_omop_concept_concept_tab
74864,Gonococcal infection of joint,4-dig nonbill code,098.5,44830954,Gonococcal infection of joint,Condition,null,null,2099-12-31,20991231,1970-01-01,19700101,ICD9CM,2021-09-20,John Gresh,omop,2021-09-21,omop_concepts_omop_concept_concept_tab
74864,Gonococcal infection of joint,5-dig billing code,098.50,44821708,Gonococcal arthritis,Condition,null,null,2099-12-31,20991231,1970-01-01,19700101,ICD9CM,2021-09-20,John Gresh,omop,2021-09-21,omop_concepts_omop_concept_concept_tab
444446,Gonococcal iridocyclitis,5-dig billing code,098.41,44819391,Gonococcal iridocyclitis,Condition,null,null,2099-12-31,20991231,1970-01-01,19700101,ICD9CM,2021-09-20,John Gresh,omop,2021-09-21,omop_concepts_omop_concept_concept_tab
444059,Gonococcal keratitis,5-dig billing code,098.43,44835643,Gonococcal keratitis,Condition,null,null,2099-12-31,20991231,1970-01-01,19700101,ICD9CM,2021-09-20,John Gresh,omop,2021-09-21,omop_concepts_omop_concept_concept_tab
132563,Gonococcal keratosis,5-dig billing code,098.81,44823996,Gonococcal keratosis (blennorrhagica),Condition,null,null,2099-12-31,20991231,1970-01-01,19700101,ICD9CM,2021-09-20,John Gresh,omop,2021-09-21,omop_concepts_omop_concept_concept_tab
443888,Gonococcal meningitis,5-dig billing code,098.82,44820579,Gonococcal meningitis,Condition,null,null,2099-12-31,20991231,1970-01-01,19700101,ICD9CM,2021-09-20,John Gresh,omop,2021-09-21,omop_concepts_omop_concept_concept_tab
442112,Gonococcal pericarditis,5-dig billing code,098.83,44830956,Gonococcal pericarditis,Condition,null,null,2099-12-31,20991231,1970-01-01,19700101,ICD9CM,2021-09-20,John Gresh,omop,2021-09-21,omop_concepts_omop_concept_concept_tab
196345,Gonococcal peritonitis,5-dig billing code,098.86,44834454,Gonococcal peritonitis,Condition,null,null,2099-12-31,20991231,1970-01-01,19700101,ICD9CM,2021-09-20,John Gresh,omop,2021-09-21,omop_concepts_omop_concept_concept_tab
72562,Gonococcal spondylitis,5-dig billing code,098.53,44826365,Gonococcal spondylitis,Condition,null,null,2099-12-31,20991231,1970-01-01,19700101,ICD9CM,2021-09-20,John Gresh,omop,2021-09-21,omop_concepts_omop_concept_concept_tab
435746,Gonococcal tenosynovitis,5-dig billing code,098.51,44829770,Gonococcal synovitis and tenosynovitis,Condition,null,null,2099-12-31,20991231,1970-01-01,19700101,ICD9CM,2021-09-20,John Gresh,omop,2021-09-21,omop_concepts_omop_concept_concept_tab
433417,Gonorrhea,3-dig nonbill code,098,44836806,Gonococcal infections,Condition,null,null,2099-12-31,20991231,1970-01-01,19700101,ICD9CM,2021-09-20,John Gresh,omop,2021-09-21,omop_concepts_omop_concept_concept_tab
433417,Gonorrhea,4-dig nonbill code,098.8,44830955,Gonococcal infection of other specified sites,Condition,null,null,2099-12-31,20991231,1970-01-01,19700101,ICD9CM,2021-09-20,John Gresh,omop,2021-09-21,omop_concepts_omop_concept_concept_tab
433417,Gonorrhea,5-dig billing code,098.89,44832106,Gonococcal infection of other specified sites,Condition,null,null,2099-12-31,20991231,1970-01-01,19700101,ICD9CM,2021-09-20,John Gresh,omop,2021-09-21,omop_concepts_omop_concept_concept_tab
30333,Gonorrhea of pharynx,4-dig billing code,098.6,44835644,Gonococcal infection of pharynx,Condition,null,null,2099-12-31,20991231,1970-01-01,19700101,ICD9CM,2021-09-20,John Gresh,omop,2021-09-21,omop_concepts_omop_concept_concept_tab
199726,Granuloma inguinale,4-dig billing code,099.2,44821709,Granuloma inguinale,Condition,null,null,2099-12-31,20991231,1970-01-01,19700101,ICD9CM,2021-09-20,John Gresh,omop,2021-09-21,omop_concepts_omop_concept_concept_tab
200319,Herpetic infection of penis,5-dig billing code,054.13,44828681,Herpetic infection of penis,Condition,null,null,2099-12-31,20991231,1970-01-01,19700101,ICD9CM,2021-09-20,John Gresh,omop,2021-09-21,omop_concepts_omop_concept_concept_tab
261782,Herpetic ulceration of vulva,5-dig billing code,054.12,44820554,Herpetic ulceration of vulva,Condition,null,null,2099-12-31,20991231,1970-01-01,19700101,ICD9CM,2021-09-20,John Gresh,omop,2021-09-21,omop_concepts_omop_concept_concept_tab
201211,Herpetic vulvovaginitis,5-dig billing code,054.11,44827497,Herpetic vulvovaginitis,Condition,null,null,2099-12-31,20991231,1970-01-01,19700101,ICD9CM,2021-09-20,John Gresh,omop,2021-09-21,omop_concepts_omop_concept_concept_tab
36685124,Infection of anus and rectum caused by Neisseria gonorrhoeae,4-dig billing code,098.7,44833258,Gonococcal infection of anus and rectum,Condition,null,null,2099-12-31,20991231,1970-01-01,19700101,ICD9CM,2021-09-20,John Gresh,omop,2021-09-21,omop_concepts_omop_concept_concept_tab
140961,Infestation by Phthirus pubis,4-dig billing code,132.2,44825186,Phthirus pubis [pubic louse],Condition,null,null,2099-12-31,20991231,1970-01-01,19700101,ICD9CM,2021-09-20,John Gresh,omop,2021-09-21,omop_concepts_omop_concept_concept_tab
372243,Late congenital neurosyphilis,5-dig billing code,090.49,44822843,Other juvenile neurosyphilis,Condition,null,null,2099-12-31,20991231,1970-01-01,19700101,ICD9CM,2021-09-20,John Gresh,omop,2021-09-21,omop_concepts_omop_concept_concept_tab
372243,Late congenital neurosyphilis,5-dig billing code,090.40,44820571,"Juvenile neurosyphilis, unspecified",Condition,null,null,2099-12-31,20991231,1970-01-01,19700101,ICD9CM,2021-09-20,John Gresh,omop,2021-09-21,omop_concepts_omop_concept_concept_tab
372243,Late congenital neurosyphilis,4-dig nonbill code,090.4,44829766,Juvenile neurosyphilis,Condition,null,null,2099-12-31,20991231,1970-01-01,19700101,ICD9CM,2021-09-20,John Gresh,omop,2021-09-21,omop_concepts_omop_concept_concept_tab
437794,Late congenital syphilis (2 years OR more),4-dig billing code,090.7,44825164,"Late congenital syphilis, unspecified",Condition,null,null,2099-12-31,20991231,1970-01-01,19700101,ICD9CM,2021-09-20,John Gresh,omop,2021-09-21,omop_concepts_omop_concept_concept_tab
436624,"Late congenital syphilis, latent (+ sero., - C.S.F., 2 years OR more)",4-dig billing code,090.6,44820572,"Late congenital syphilis, latent",Condition,null,null,2099-12-31,20991231,1970-01-01,19700101,ICD9CM,2021-09-20,John Gresh,omop,2021-09-21,omop_concepts_omop_concept_concept_tab
435739,Late syphilis,4-dig billing code,097.0,44836805,"Late syphilis, unspecified",Condition,null,null,2099-12-31,20991231,1970-01-01,19700101,ICD9CM,2021-09-20,John Gresh,omop,2021-09-21,omop_concepts_omop_concept_concept_tab
435739,Late syphilis,3-dig nonbill code,095,44828706,"Other forms of late syphilis, with symptoms",Condition,null,null,2099-12-31,20991231,1970-01-01,19700101,ICD9CM,2021-09-20,John Gresh,omop,2021-09-21,omop_concepts_omop_concept_concept_tab
435739,Late syphilis,4-dig billing code,095.9,44835642,"Late symptomatic syphilis, unspecified",Condition,null,null,2099-12-31,20991231,1970-01-01,19700101,ICD9CM,2021-09-20,John Gresh,omop,2021-09-21,omop_concepts_omop_concept_concept_tab
435739,Late syphilis,4-dig billing code,095.8,44826362,Other specified forms of late symptomatic syphilis,Condition,null,null,2099-12-31,20991231,1970-01-01,19700101,ICD9CM,2021-09-20,John Gresh,omop,2021-09-21,omop_concepts_omop_concept_concept_tab
435739,Late syphilis,4-dig billing code,095.7,44822848,"Syphilis of synovium, tendon, and bursa",Condition,null,null,2099-12-31,20991231,1970-01-01,19700101,ICD9CM,2021-09-20,John Gresh,omop,2021-09-21,omop_concepts_omop_concept_concept_tab
439729,"Late syphilis, latent (+ sero., - C.S.F. 2 years after)",3-dig billing code,096,44819389,"Late syphilis, latent",Condition,null,null,2099-12-31,20991231,1970-01-01,19700101,ICD9CM,2021-09-20,John Gresh,omop,2021-09-21,omop_concepts_omop_concept_concept_tab
4092828,Latent early syphilis,4-dig billing code,092.9,44826356,"Early syphilis, latent, unspecified",Condition,null,null,2099-12-31,20991231,1970-01-01,19700101,ICD9CM,2021-09-20,John Gresh,omop,2021-09-21,omop_concepts_omop_concept_concept_tab
4092828,Latent early syphilis,3-dig nonbill code,092,44823991,"Early syphilis, latent",Condition,null,null,2099-12-31,20991231,1970-01-01,19700101,ICD9CM,2021-09-20,John Gresh,omop,2021-09-21,omop_concepts_omop_concept_concept_tab
40485064,Latent syphilis,4-dig billing code,097.1,44834452,"Latent syphilis, unspecified",Condition,null,null,2099-12-31,20991231,1970-01-01,19700101,ICD9CM,2021-09-20,John Gresh,omop,2021-09-21,omop_concepts_omop_concept_concept_tab
194287,Lymphogranuloma venereum,4-dig billing code,099.1,44830958,Lymphogranuloma venereum,Condition,null,null,2099-12-31,20991231,1970-01-01,19700101,ICD9CM,2021-09-20,John Gresh,omop,2021-09-21,omop_concepts_omop_concept_concept_tab
441640,Maternal gonorrhea during pregnancy - baby delivered,5-dig billing code,647.11,44824402,"Gonorrhea of mother, complicating pregnancy, childbirth, or the puerperium, delivered, with or without mention of antepartum condition",Condition,null,null,2099-12-31,20991231,1970-01-01,19700101,ICD9CM,2021-09-20,John Gresh,omop,2021-09-21,omop_concepts_omop_concept_concept_tab
441640,Maternal gonorrhea during pregnancy - baby delivered,5-dig billing code,647.12,44829111,"Gonorrhea of mother, complicating pregnancy, childbirth, or the puerperium, delivered, with mention of postpartum complication",Condition,null,null,2099-12-31,20991231,1970-01-01,19700101,ICD9CM,2021-09-20,John Gresh,omop,2021-09-21,omop_concepts_omop_concept_concept_tab
443054,"Maternal gonorrhea during pregnancy, childbirth and the puerperium",5-dig billing code,647.10,44836081,"Gonorrhea of mother, complicating pregnancy, childbirth, or the puerperium, unspecified as to episode of care or not applicable",Condition,null,null,2099-12-31,20991231,1970-01-01,19700101,ICD9CM,2021-09-20,John Gresh,omop,2021-09-21,omop_concepts_omop_concept_concept_tab
443054,"Maternal gonorrhea during pregnancy, childbirth and the puerperium",5-dig billing code,647.14,44826781,"Gonorrhea of mother, complicating pregnancy, childbirth, or the puerperium, postpartum condition or complication",Condition,null,null,2099-12-31,20991231,1970-01-01,19700101,ICD9CM,2021-09-20,John Gresh,omop,2021-09-21,omop_concepts_omop_concept_concept_tab
443054,"Maternal gonorrhea during pregnancy, childbirth and the puerperium",5-dig billing code,647.13,44822093,"Gonorrhea of mother, complicating pregnancy, childbirth, or the puerperium, antepartum condition or complication",Condition,null,null,2099-12-31,20991231,1970-01-01,19700101,ICD9CM,2021-09-20,John Gresh,omop,2021-09-21,omop_concepts_omop_concept_concept_tab
443054,"Maternal gonorrhea during pregnancy, childbirth and the puerperium",4-dig nonbill code,647.1,44834887,"Gonorrhea complicating pregnancy, childbirth, or the puerperium",Condition,null,null,2099-12-31,20991231,1970-01-01,19700101,ICD9CM,2021-09-20,John Gresh,omop,2021-09-21,omop_concepts_omop_concept_concept_tab
375738,Neurosyphilis,4-dig billing code,094.9,44834450,"Neurosyphilis, unspecified",Condition,null,null,2099-12-31,20991231,1970-01-01,19700101,ICD9CM,2021-09-20,John Gresh,omop,2021-09-21,omop_concepts_omop_concept_concept_tab
375738,Neurosyphilis,5-dig billing code,094.89,44826360,Other specified neurosyphilis,Condition,null,null,2099-12-31,20991231,1970-01-01,19700101,ICD9CM,2021-09-20,John Gresh,omop,2021-09-21,omop_concepts_omop_concept_concept_tab
375738,Neurosyphilis,3-dig nonbill code,094,44828705,Neurosyphilis,Condition,null,null,2099-12-31,20991231,1970-01-01,19700101,ICD9CM,2021-09-20,John Gresh,omop,2021-09-21,omop_concepts_omop_concept_concept_tab
375738,Neurosyphilis,4-dig nonbill code,094.8,44832103,Other specified neurosyphilis,Condition,null,null,2099-12-31,20991231,1970-01-01,19700101,ICD9CM,2021-09-20,John Gresh,omop,2021-09-21,omop_concepts_omop_concept_concept_tab
73409,Primary anal syphilis,4-dig billing code,091.1,44828704,Primary anal syphilis,Condition,null,null,2099-12-31,20991231,1970-01-01,19700101,ICD9CM,2021-09-20,John Gresh,omop,2021-09-21,omop_concepts_omop_concept_concept_tab
79742,Primary genital syphilis,4-dig billing code,091.0,44827513,Genital syphilis (primary),Condition,null,null,2099-12-31,20991231,1970-01-01,19700101,ICD9CM,2021-09-20,John Gresh,omop,2021-09-21,omop_concepts_omop_concept_concept_tab
433410,Primary syphilis,4-dig billing code,091.2,44835637,Other primary syphilis,Condition,null,null,2099-12-31,20991231,1970-01-01,19700101,ICD9CM,2021-09-20,John Gresh,omop,2021-09-21,omop_concepts_omop_concept_concept_tab
380943,Rupture of syphilitic cerebral aneurysm,5-dig billing code,094.87,44822847,Syphilitic ruptured cerebral aneurysm,Condition,null,null,2099-12-31,20991231,1970-01-01,19700101,ICD9CM,2021-09-20,John Gresh,omop,2021-09-21,omop_concepts_omop_concept_concept_tab
437787,Secondary syphilis,4-dig nonbill code,091.8,44823990,Other forms of secondary syphilis,Condition,null,null,2099-12-31,20991231,1970-01-01,19700101,ICD9CM,2021-09-20,John Gresh,omop,2021-09-21,omop_concepts_omop_concept_concept_tab
437787,Secondary syphilis,4-dig billing code,091.9,44829768,Unspecified secondary syphilis,Condition,null,null,2099-12-31,20991231,1970-01-01,19700101,ICD9CM,2021-09-20,John Gresh,omop,2021-09-21,omop_concepts_omop_concept_concept_tab
437787,Secondary syphilis,5-dig billing code,091.89,44833254,Other forms of secondary syphilis,Condition,null,null,2099-12-31,20991231,1970-01-01,19700101,ICD9CM,2021-09-20,John Gresh,omop,2021-09-21,omop_concepts_omop_concept_concept_tab
437787,Secondary syphilis,4-dig nonbill code,091.6,44833253,Secondary syphilis of viscera and bone,Condition,null,null,2099-12-31,20991231,1970-01-01,19700101,ICD9CM,2021-09-20,John Gresh,omop,2021-09-21,omop_concepts_omop_concept_concept_tab
4215747,Secondary syphilis of liver,5-dig billing code,091.62,44835638,Secondary syphilitic hepatitis,Condition,null,null,2099-12-31,20991231,1970-01-01,19700101,ICD9CM,2021-09-20,John Gresh,omop,2021-09-21,omop_concepts_omop_concept_concept_tab
4093309,Secondary syphilis of skin and mucous membrane,4-dig billing code,091.3,44832099,Secondary syphilis of skin or mucous membranes,Condition,null,null,2099-12-31,20991231,1970-01-01,19700101,ICD9CM,2021-09-20,John Gresh,omop,2021-09-21,omop_concepts_omop_concept_concept_tab
201506,Secondary syphilis of viscera,5-dig billing code,091.69,44832100,Secondary syphilis of other viscera,Condition,null,null,2099-12-31,20991231,1970-01-01,19700101,ICD9CM,2021-09-20,John Gresh,omop,2021-09-21,omop_concepts_omop_concept_concept_tab
435179,Secondary syphilis relapse,4-dig billing code,091.7,44821698,"Secondary syphilis, relapse",Condition,null,null,2099-12-31,20991231,1970-01-01,19700101,ICD9CM,2021-09-20,John Gresh,omop,2021-09-21,omop_concepts_omop_concept_concept_tab
312823,Secondary syphilitic adenopathy,4-dig billing code,091.4,44830951,Adenopathy due to secondary syphilis,Condition,null,null,2099-12-31,20991231,1970-01-01,19700101,ICD9CM,2021-09-20,John Gresh,omop,2021-09-21,omop_concepts_omop_concept_concept_tab
434274,Secondary syphilitic chorioretinitis,5-dig billing code,091.51,44836800,Syphilitic chorioretinitis (secondary),Condition,null,null,2099-12-31,20991231,1970-01-01,19700101,ICD9CM,2021-09-20,John Gresh,omop,2021-09-21,omop_concepts_omop_concept_concept_tab
444280,Secondary syphilitic periostitis,5-dig billing code,091.61,44834449,Secondary syphilitic periostitis,Condition,null,null,2099-12-31,20991231,1970-01-01,19700101,ICD9CM,2021-09-20,John Gresh,omop,2021-09-21,omop_concepts_omop_concept_concept_tab
4089994,Serological relapse after treatment of latent early syphilis,4-dig billing code,092.0,44835639,"Early syphilis, latent, serological relapse after treatment",Condition,null,null,2099-12-31,20991231,1970-01-01,19700101,ICD9CM,2021-09-20,John Gresh,omop,2021-09-21,omop_concepts_omop_concept_concept_tab
440647,Sexually transmitted infectious disease,4-dig billing code,099.9,44819395,"Venereal disease, unspecified",Condition,null,null,2099-12-31,20991231,1970-01-01,19700101,ICD9CM,2021-09-20,John Gresh,omop,2021-09-21,omop_concepts_omop_concept_concept_tab
440647,Sexually transmitted infectious disease,3-dig nonbill code,099,44828710,Other venereal diseases,Condition,null,null,2099-12-31,20991231,1970-01-01,19700101,ICD9CM,2021-09-20,John Gresh,omop,2021-09-21,omop_concepts_omop_concept_concept_tab
440647,Sexually transmitted infectious disease,4-dig billing code,099.8,44829771,Other specified venereal diseases,Condition,null,null,2099-12-31,20991231,1970-01-01,19700101,ICD9CM,2021-09-20,John Gresh,omop,2021-09-21,omop_concepts_omop_concept_concept_tab
42536584,Symptomatic late congenital syphilis,4-dig billing code,090.5,44825163,"Other late congenital syphilis, symptomatic",Condition,null,null,2099-12-31,20991231,1970-01-01,19700101,ICD9CM,2021-09-20,John Gresh,omop,2021-09-21,omop_concepts_omop_concept_concept_tab
436033,Syphilis,4-dig billing code,097.9,44821701,"Syphilis, unspecified",Condition,null,null,2099-12-31,20991231,1970-01-01,19700101,ICD9CM,2021-09-20,John Gresh,omop,2021-09-21,omop_concepts_omop_concept_concept_tab
436033,Syphilis,3-dig nonbill code,097,44836804,Other and unspecified syphilis,Condition,null,null,2099-12-31,20991231,1970-01-01,19700101,ICD9CM,2021-09-20,John Gresh,omop,2021-09-21,omop_concepts_omop_concept_concept_tab
74862,Syphilis of bone,4-dig billing code,095.5,44829769,Syphilis of bone,Condition,null,null,2099-12-31,20991231,1970-01-01,19700101,ICD9CM,2021-09-20,John Gresh,omop,2021-09-21,omop_concepts_omop_concept_concept_tab
442345,Syphilis of kidney,4-dig billing code,095.4,44826361,Syphilis of kidney,Condition,null,null,2099-12-31,20991231,1970-01-01,19700101,ICD9CM,2021-09-20,John Gresh,omop,2021-09-21,omop_concepts_omop_concept_concept_tab
194861,Syphilis of liver,4-dig billing code,095.3,44834451,Syphilis of liver,Condition,null,null,2099-12-31,20991231,1970-01-01,19700101,ICD9CM,2021-09-20,John Gresh,omop,2021-09-21,omop_concepts_omop_concept_concept_tab
444294,Syphilis of lung,4-dig billing code,095.1,44828707,Syphilis of lung,Condition,null,null,2099-12-31,20991231,1970-01-01,19700101,ICD9CM,2021-09-20,John Gresh,omop,2021-09-21,omop_concepts_omop_concept_concept_tab
76032,Syphilis of muscle,4-dig billing code,095.6,44823993,Syphilis of muscle,Condition,null,null,2099-12-31,20991231,1970-01-01,19700101,ICD9CM,2021-09-20,John Gresh,omop,2021-09-21,omop_concepts_omop_concept_concept_tab
380030,Syphilitic acoustic neuritis,5-dig billing code,094.86,44825168,Syphilitic acoustic neuritis,Condition,null,null,2099-12-31,20991231,1970-01-01,19700101,ICD9CM,2021-09-20,John Gresh,omop,2021-09-21,omop_concepts_omop_concept_concept_tab
133959,Syphilitic alopecia,5-dig billing code,091.82,44820574,Syphilitic alopecia,Condition,null,null,2099-12-31,20991231,1970-01-01,19700101,ICD9CM,2021-09-20,John Gresh,omop,2021-09-21,omop_concepts_omop_concept_concept_tab
320646,Syphilitic aneurysm of aorta,4-dig billing code,093.0,44835640,"Aneurysm of aorta, specified as syphilitic",Condition,null,null,2099-12-31,20991231,1970-01-01,19700101,ICD9CM,2021-09-20,John Gresh,omop,2021-09-21,omop_concepts_omop_concept_concept_tab
315467,Syphilitic aortitis,4-dig billing code,093.1,44825166,Syphilitic aortitis,Condition,null,null,2099-12-31,20991231,1970-01-01,19700101,ICD9CM,2021-09-20,John Gresh,omop,2021-09-21,omop_concepts_omop_concept_concept_tab
438971,Syphilitic disseminated retinochoroiditis,5-dig billing code,094.83,44832104,Syphilitic disseminated retinochoroiditis,Condition,null,null,2099-12-31,20991231,1970-01-01,19700101,ICD9CM,2021-09-20,John Gresh,omop,2021-09-21,omop_concepts_omop_concept_concept_tab
378349,Syphilitic encephalitis,5-dig billing code,094.81,44821700,Syphilitic encephalitis,Condition,null,null,2099-12-31,20991231,1970-01-01,19700101,ICD9CM,2021-09-20,John Gresh,omop,2021-09-21,omop_concepts_omop_concept_concept_tab
436031,Syphilitic endocarditis,4-dig nonbill code,093.2,44835641,Syphilitic endocarditis,Condition,null,null,2099-12-31,20991231,1970-01-01,19700101,ICD9CM,2021-09-20,John Gresh,omop,2021-09-21,omop_concepts_omop_concept_concept_tab
318689,Syphilitic endocarditis of aortic valve,5-dig billing code,093.22,44826357,Syphilitic endocarditis of aortic valve,Condition,null,null,2099-12-31,20991231,1970-01-01,19700101,ICD9CM,2021-09-20,John Gresh,omop,2021-09-21,omop_concepts_omop_concept_concept_tab
313416,Syphilitic endocarditis of mitral valve,5-dig billing code,093.21,44832102,Syphilitic endocarditis of mitral valve,Condition,null,null,2099-12-31,20991231,1970-01-01,19700101,ICD9CM,2021-09-20,John Gresh,omop,2021-09-21,omop_concepts_omop_concept_concept_tab
313964,Syphilitic endocarditis of pulmonary valve,5-dig billing code,093.24,44823992,Syphilitic endocarditis of pulmonary valve,Condition,null,null,2099-12-31,20991231,1970-01-01,19700101,ICD9CM,2021-09-20,John Gresh,omop,2021-09-21,omop_concepts_omop_concept_concept_tab
313698,Syphilitic endocarditis of tricuspid valve,5-dig billing code,093.23,44836801,Syphilitic endocarditis of tricuspid valve,Condition,null,null,2099-12-31,20991231,1970-01-01,19700101,ICD9CM,2021-09-20,John Gresh,omop,2021-09-21,omop_concepts_omop_concept_concept_tab
444087,Syphilitic episcleritis,4-dig billing code,095.0,44836803,Syphilitic episcleritis,Condition,null,null,2099-12-31,20991231,1970-01-01,19700101,ICD9CM,2021-09-20,John Gresh,omop,2021-09-21,omop_concepts_omop_concept_concept_tab
438348,Syphilitic interstitial keratitis,4-dig billing code,090.3,44834448,Syphilitic interstitial keratitis,Condition,null,null,2099-12-31,20991231,1970-01-01,19700101,ICD9CM,2021-09-20,John Gresh,omop,2021-09-21,omop_concepts_omop_concept_concept_tab
441228,Syphilitic meningitis,4-dig billing code,094.2,44822845,Syphilitic meningitis,Condition,null,null,2099-12-31,20991231,1970-01-01,19700101,ICD9CM,2021-09-20,John Gresh,omop,2021-09-21,omop_concepts_omop_concept_concept_tab
444083,Syphilitic myocarditis,5-dig billing code,093.82,44827516,Syphilitic myocarditis,Condition,null,null,2099-12-31,20991231,1970-01-01,19700101,ICD9CM,2021-09-20,John Gresh,omop,2021-09-21,omop_concepts_omop_concept_concept_tab
378686,Syphilitic optic atrophy,5-dig billing code,094.84,44826359,Syphilitic optic atrophy,Condition,null,null,2099-12-31,20991231,1970-01-01,19700101,ICD9CM,2021-09-20,John Gresh,omop,2021-09-21,omop_concepts_omop_concept_concept_tab
373139,Syphilitic parkinsonism,5-dig billing code,094.82,44836802,Syphilitic parkinsonism,Condition,null,null,2099-12-31,20991231,1970-01-01,19700101,ICD9CM,2021-09-20,John Gresh,omop,2021-09-21,omop_concepts_omop_concept_concept_tab
320025,Syphilitic pericarditis,5-dig billing code,093.81,44827515,Syphilitic pericarditis,Condition,null,null,2099-12-31,20991231,1970-01-01,19700101,ICD9CM,2021-09-20,John Gresh,omop,2021-09-21,omop_concepts_omop_concept_concept_tab
377789,Syphilitic retrobulbar neuritis,5-dig billing code,094.85,44822846,Syphilitic retrobulbar neuritis,Condition,null,null,2099-12-31,20991231,1970-01-01,19700101,ICD9CM,2021-09-20,John Gresh,omop,2021-09-21,omop_concepts_omop_concept_concept_tab
43021833,Syphilitic valvular endocarditis,5-dig billing code,093.20,44832101,"Syphilitic endocarditis of valve, unspecified",Condition,null,null,2099-12-31,20991231,1970-01-01,19700101,ICD9CM,2021-09-20,John Gresh,omop,2021-09-21,omop_concepts_omop_concept_concept_tab
4201172,Tabetic neurosyphilis,4-dig billing code,094.0,44826358,Tabes dorsalis,Condition,null,null,2099-12-31,20991231,1970-01-01,19700101,ICD9CM,2021-09-20,John Gresh,omop,2021-09-21,omop_concepts_omop_concept_concept_tab
78073,Urogenital infection by Trichomonas vaginalis,5-dig billing code,131.00,44834469,"Urogenital trichomoniasis, unspecified",Condition,null,null,2099-12-31,20991231,1970-01-01,19700101,ICD9CM,2021-09-20,John Gresh,omop,2021-09-21,omop_concepts_omop_concept_concept_tab
78073,Urogenital infection by Trichomonas vaginalis,4-dig nonbill code,131.0,44827536,Urogenital trichomoniasis,Condition,null,null,2099-12-31,20991231,1970-01-01,19700101,ICD9CM,2021-09-20,John Gresh,omop,2021-09-21,omop_concepts_omop_concept_concept_tab
78073,Urogenital infection by Trichomonas vaginalis,5-dig billing code,131.09,44834471,Other urogenital trichomoniasis,Condition,null,null,2099-12-31,20991231,1970-01-01,19700101,ICD9CM,2021-09-20,John Gresh,omop,2021-09-21,omop_concepts_omop_concept_concept_tab
439671,Uveitis due to secondary syphilis,5-dig billing code,091.50,44820573,"Syphilitic uveitis, unspecified",Condition,null,null,2099-12-31,20991231,1970-01-01,19700101,ICD9CM,2021-09-20,John Gresh,omop,2021-09-21,omop_concepts_omop_concept_concept_tab
439671,Uveitis due to secondary syphilis,4-dig nonbill code,091.5,44822844,Uveitis due to secondary syphilis,Condition,null,null,2099-12-31,20991231,1970-01-01,19700101,ICD9CM,2021-09-20,John Gresh,omop,2021-09-21,omop_concepts_omop_concept_concept_tab
440158,"Venereal disease in mother complicating pregnancy, childbirth AND/OR puerperium",5-dig billing code,647.20,44825600,"Other venereal diseases of mother, complicating pregnancy, childbirth, or the puerperium, unspecified as to episode of care or not applicable",Condition,null,null,2099-12-31,20991231,1970-01-01,19700101,ICD9CM,2021-09-20,John Gresh,omop,2021-09-21,omop_concepts_omop_concept_concept_tab
440158,"Venereal disease in mother complicating pregnancy, childbirth AND/OR puerperium",5-dig billing code,647.24,44836082,"Other venereal diseases of mother, complicating pregnancy, childbirth, or the puerperium,postpartum condition or complication",Condition,null,null,2099-12-31,20991231,1970-01-01,19700101,ICD9CM,2021-09-20,John Gresh,omop,2021-09-21,omop_concepts_omop_concept_concept_tab
440158,"Venereal disease in mother complicating pregnancy, childbirth AND/OR puerperium",5-dig billing code,647.23,44822094,"Other venereal diseases of mother, complicating pregnancy, childbirth, or the puerperium, antepartum condition or complication",Condition,null,null,2099-12-31,20991231,1970-01-01,19700101,ICD9CM,2021-09-20,John Gresh,omop,2021-09-21,omop_concepts_omop_concept_concept_tab
440158,"Venereal disease in mother complicating pregnancy, childbirth AND/OR puerperium",4-dig nonbill code,647.2,44819862,"Other venereal diseases in the mother complicating pregnancy, childbirth, or the puerperium",Condition,null,null,2099-12-31,20991231,1970-01-01,19700101,ICD9CM,2021-09-20,John Gresh,omop,2021-09-21,omop_concepts_omop_concept_concept_tab
440158,"Venereal disease in mother complicating pregnancy, childbirth AND/OR puerperium",5-dig billing code,647.22,44832530,"Other venereal diseases of mother, complicating pregnancy, childbirth, or the puerperium, delivered, with mention of postpartum complication",Condition,null,null,2099-12-31,20991231,1970-01-01,19700101,ICD9CM,2021-09-20,John Gresh,omop,2021-09-21,omop_concepts_omop_concept_concept_tab
440158,"Venereal disease in mother complicating pregnancy, childbirth AND/OR puerperium",5-dig billing code,647.21,44834888,"Other venereal diseases of mother, complicating pregnancy, childbirth, or the puerperium, delivered, with or without mention of antepartum condition",Condition,null,null,2099-12-31,20991231,1970-01-01,19700101,ICD9CM,2021-09-20,John Gresh,omop,2021-09-21,omop_concepts_omop_concept_concept_tab
